rank,feature,word,importance
1,f22,different,0.004859566514288538
2,f28,error_auth_401,0.00023858190079051322
3,f9,bulk,3.8082178746290385e-05
4,f17,currently,1.002662209925731e-07
5,f98,taking,0.0
